"Review	Aspect	Sentiment"
"The food was absolutely delicious and well presented	Food	Positive"
"Service was extremely slow and staff were rude	Service	Negative"
"The ambience of the restaurant was cozy and romantic	Ambience	Positive"
"Bland and tasteless dishes nothing special about the food	Food	Negative"
"Waiters were attentive and made us feel very welcome	Service	Positive"
"The decor was outdated and the lighting was too dim	Ambience	Negative"
"Breakfast buffet had a great variety of fresh items	Food	Positive"
"Had to wait 40 minutes just to get our order taken	Service	Negative"
"Beautiful rooftop setting with stunning city views	Ambience	Positive"
"The steak was overcooked and completely dry	Food	Negative"
"Staff went above and beyond to accommodate our needs	Service	Positive"
"Loud music made it impossible to have a conversation	Ambience	Negative"
"Fresh pasta made in house was absolutely outstanding	Food	Positive"
"Reception staff were cold and unhelpful on arrival	Service	Negative"
"The garden patio was serene and beautifully decorated	Ambience	Positive"
"Salad was wilted and dressing tasted sour	Food	Negative"
"Concierge was incredibly knowledgeable and friendly	Service	Positive"
"The lobby smelled musty and felt unwelcoming	Ambience	Negative"
"Dessert menu had incredible options all tasted amazing	Food	Positive"
"Room service took over two hours to arrive	Service	Negative"
"The pool area was immaculate and very relaxing	Ambience	Positive"
"Pizza was soggy and toppings were sparse	Food	Negative"
"Housekeeping was thorough and always on time	Service	Positive"
"Conference room was cramped and poorly ventilated	Ambience	Negative"
"Chef prepared a wonderful tasting menu for our group	Food	Positive"
"Front desk staff ignored us for several minutes	Service	Negative"
"Spa area had a tranquil and luxurious atmosphere	Ambience	Positive"
"The soup was cold and had very little flavor	Food	Negative"
"Bellhop was courteous and handled luggage with care	Service	Positive"
"Bar area was overcrowded and very noisy at night	Ambience	Negative"
"Sushi platter was fresh and artfully arranged	Food	Positive"
"Valet service was disorganized and took too long	Service	Negative"
"Fireplace lounge created a warm and inviting feel	Ambience	Positive"
"The chicken dish was undercooked and unsafe to eat	Food	Negative"
"Spa staff were professional and very calming	Service	Positive"
"Hallways were dark and had an unpleasant odor	Ambience	Negative"
"Homemade bread served warm was absolutely delicious	Food	Positive"
"Waiter forgot our order twice during the dinner	Service	Negative"
"The terrace offered breathtaking views of the ocean	Ambience	Positive"
"Pasta was overboiled and swimming in bland sauce	Food	Negative"
"Manager personally ensured our stay was perfect	Service	Positive"
"Dining room felt sterile and lacked any character	Ambience	Negative"
"Seafood platter exceeded all our expectations	Food	Positive"
"Check-in process was confusing and took too long	Service	Negative"
"The courtyard garden was peaceful and well maintained	Ambience	Positive"
"The burger was dry and the bun was stale	Food	Negative"
"Staff remembered our names throughout our stay	Service	Positive"
"Restaurant had poor lighting and uncomfortable chairs	Ambience	Negative"
"Chocolate lava cake was warm rich and perfectly done	Food	Positive"
"Nobody responded when we called the front desk	Service	Negative"
"The lounge had a stylish modern and elegant design	Ambience	Positive"
"Fish and chips were greasy and overly salted	Food	Negative"
"Porter was friendly and gave great local tips	Service	Positive"
"The pool deck was dirty and chairs were broken	Ambience	Negative"
"Waffles at breakfast were crispy light and delightful	Food	Positive"
"Staff were dismissive of our complaints	Service	Negative"
"Nighttime ambience was magical with candle lighting	Ambience	Positive"
"The risotto was mushy and completely underseasoned	Food	Negative"
"Hotel staff proactively helped with all our needs	Service	Positive"
"The gym felt cramped and equipment was outdated	Ambience	Negative"
"Grilled salmon was perfectly cooked with great herbs	Food	Positive"
"Cleaning staff left our room in worse condition	Service	Negative"
"The beach club had a relaxed and luxurious vibe	Ambience	Positive"
"The curry was way too spicy and unbalanced in flavor	Food	Negative"
"Reservation team was efficient and very accommodating	Service	Positive"
"The rooftop bar lacked seating and felt overcrowded	Ambience	Negative"
"Tiramisu was creamy and had the perfect coffee flavor	Food	Positive"
"We were given the wrong room despite our booking	Service	Negative"
"The wine cellar dining room was intimate and romantic	Ambience	Positive"
"The sandwich bread was soggy and filling was minimal	Food	Negative"
"Luggage was delivered promptly and with a smile	Service	Positive"
"The terrace was too exposed and had no shade at all	Ambience	Negative"
"Brunch spread had incredible variety and everything tasted fresh	Food	Positive"
"Front desk staff provided incorrect information twice	Service	Negative"
"The hotel atrium was grand and filled with natural light	Ambience	Positive"
"The fried rice was clumpy and lacked any seasoning	Food	Negative"
"Concierge arranged a wonderful surprise for our anniversary	Service	Positive"
"The music in the bar was far too loud and intrusive	Ambience	Negative"
"Fresh orange juice at breakfast was perfectly sweet	Food	Positive"
"Staff were rude when we asked for extra towels	Service	Negative"
"The private dining room had a warm and elegant feel	Ambience	Positive"
"The omelette was rubbery and had very little filling	Food	Negative"
"All staff greeted us warmly throughout the entire stay	Service	Positive"
"The hallway carpet was stained and smelled unclean	Ambience	Negative"
"The lamb chops were tender and seasoned beautifully	Food	Positive"
"Room service menu was limited and quality was poor	Service	Negative"
"The poolside cabanas were luxurious and very private	Ambience	Positive"
"The salad dressing was overwhelming and too acidic	Food	Negative"
"Maintenance team fixed our issue within minutes	Service	Positive"
"The elevator area was cramped and felt claustrophobic	Ambience	Negative"
"Cheesecake had a perfect balance of sweet and tangy	Food	Positive"
"We were never informed about the hotel facilities	Service	Negative"
"The candle-lit terrace created a truly magical dining experience	Ambience	Positive"
"The fruit bowl looked old and several pieces were rotten	Food	Negative"
"Guest relations team were empathetic and resolved our issue quickly	Service	Positive"
"The indoor pool area echoed loudly and felt industrial	Ambience	Negative"
"Fondant au chocolat was decadent and served at perfect temperature	Food	Positive"
"Our special dietary requests were completely ignored	Service	Negative"
"The Japanese garden on property was serene and beautiful	Ambience	Positive"
"The cereal at breakfast was stale and the milk was warm	Food	Negative"
"Night audit staff went out of their way to assist us	Service	Positive"
"The smoking area near the entrance ruined the entrance experience	Ambience	Negative"
"Wild mushroom risotto was deeply flavourful and aromatic	Food	Positive"
"Turndown service was inconsistent and often skipped our room	Service	Negative"
"The colonial architecture of the hotel was stunning	Ambience	Positive"
"The croissants were soggy and clearly not freshly baked	Food	Negative"
"All our restaurant reservations were handled seamlessly by staff	Service	Positive"
"The corridor lighting was too bright and harsh at night	Ambience	Negative"
"The cheese board selection was impressive and perfectly paired	Food	Positive"
"Baggage handling was careless and one of our bags was damaged	Service	Negative"
"The infinity pool overlooking the valley was absolutely breathtaking	Ambience	Positive"
"The beef stew was fatty and had an unpleasant aftertaste	Food	Negative"
"Staff proactively upgraded our room as a loyalty gesture	Service	Positive"
"The poolside bar area was littered and poorly maintained	Ambience	Negative"
"Grilled tiger prawns with garlic butter were outstanding	Food	Positive"
"We had to chase staff multiple times for basic requests	Service	Negative"
"The stone fireplace in the lounge created an incredible atmosphere	Ambience	Positive"
"The appetizer platter was mediocre and arrived cold	Food	Negative"
"Every team member we met was cheerful and genuinely helpful	Service	Positive"
"The rooftop terrace was too windy and had minimal shelter	Ambience	Negative"
"The slow-cooked duck confit melted in the mouth	Food	Positive"
"Front office team gave us wrong directions three times	Service	Negative"
"The dimly lit cocktail bar had a wonderfully cozy feel	Ambience	Positive"
"The carbonara sauce was too heavy and lacked depth	Food	Negative"
"The spa receptionist ensured we were fully relaxed from arrival	Service	Positive"
"The outdoor terrace was plagued by mosquitoes and poor lighting	Ambience	Negative"
"The eggs benedict with hollandaise were perfectly executed	Food	Positive"
"Our wake-up call was never delivered as requested	Service	Negative"
"The alpine lodge style interior made the hotel feel magical	Ambience	Positive"
"The smoked salmon was dry and had a very fishy odor	Food	Negative"
"The hotel team coordinated our entire trip itinerary flawlessly	Service	Positive"
"The sauna area was humid and the air conditioning was broken	Ambience	Negative"
"The slow-roasted pork belly with apple sauce was divine	Food	Positive"
"Spa staff were dismissive and did not listen to our preferences	Service	Negative"
"The glass-walled dining room offered panoramic mountain views	Ambience	Positive"
"The Thai green curry was watery and lacked coconut flavor	Food	Negative"
"Check-out process was smooth fast and hassle free	Service	Positive"
"The lobby renovation left dust and debris around guest areas	Ambience	Negative"
"The truffle fries were crispy aromatic and absolutely addictive	Food	Positive"
"Poolside staff disappeared for long stretches and ignored requests	Service	Negative"
"The heritage building gave the property a timeless elegant character	Ambience	Positive"
"The sorbet was icy and had an artificial chemical aftertaste	Food	Negative"
"Personalized welcome note and treats made us feel truly special	Service	Positive"
"The food portions were generous and full of authentic flavor	Food	Positive"
"Staff failed to acknowledge our loyalty status at check-in	Service	Negative"
"The outdoor firepit area created a cozy evening atmosphere	Ambience	Positive"
"The dessert was overly sweet and lacked any refinement	Food	Negative"
"Concierge went above and beyond to arrange last-minute tickets	Service	Positive"
"The hotel bar felt cold and uninviting with harsh lighting	Ambience	Negative"
"The charcuterie board featured incredible artisan meats and cheeses	Food	Positive"
"Valet lost our car keys and caused significant delays	Service	Negative"
"The zen garden near the spa was peaceful and beautifully kept	Ambience	Positive"
